{"cameraMode":{"drawMode":0,"name":"Shaded","section":"Shading Mode"},"sceneLighting":true,"audioPlay":false,"sceneViewState":{"showFog":true,"showMaterialUpdate":false,"showSkybox":true,"showFlares":true,"showImageEffects":true,"showParticleSystems":true},"in2DMode":false,"pivot":{"x":-271.5,"y":1.779999852180481,"z":-121.4749984741211},"rotation":{"x":0.1776786595582962,"y":0.044263213872909549,"z":-0.00800034124404192,"w":0.9830600619316101},"size":9.335647583007813,"orthographic":false}