{"cameraMode":{"drawMode":0,"name":"Shaded","section":"Shading Mode"},"sceneLighting":true,"audioPlay":false,"sceneViewState":{"showFog":false,"showMaterialUpdate":false,"showSkybox":false,"showFlares":false,"showImageEffects":false,"showParticleSystems":false},"in2DMode":false,"pivot":{"x":85.53838348388672,"y":-57.56303787231445,"z":23.870849609375},"rotation":{"x":-0.25951528549194338,"y":-0.5288424491882324,"z":0.17390534281730653,"w":-0.7891505360603333},"size":117.55168151855469,"orthographic":false}